,Stimulus,Max_response,Min_response,Peak_to_peak
0,5.544375,1.078125,-0.978125,2.05625
1,8.262187,1.034375,-1.096875,2.13125
